{"cameraMode":{"drawMode":0,"name":"Shaded","section":"Shading Mode"},"sceneLighting":true,"audioPlay":false,"sceneViewState":{"m_AlwaysRefresh":false,"showFog":true,"showSkybox":true,"showFlares":true,"showImageEffects":true,"showParticleSystems":true,"showVisualEffectGraphs":true,"m_FxEnabled":true},"in2DMode":false,"pivot":{"x":-0.0510983020067215,"y":0.2563571333885193,"z":0.9001227021217346},"rotation":{"x":-0.423849493265152,"y":0.007875215262174607,"z":-0.905704140663147,"w":-0.0036839614622294904},"size":11.159073829650879,"orthographic":false}